"utilizations","stat_up","stat_mean","stat_low","snc_bound","simulated_backlog"
0.65,10.971248626709,9.07391738891602,7.9190502166748,7.30443000793457,2.70044037398458
0.7,13.5866889953613,11.0399208068848,9.30218124389648,8.70383834838867,2.76047797566574
0.75,16.156379699707,13.2898902893066,10.9772529602051,10.3388938903809,2.89906474941178
0.8,20.2265396118164,15.9158363342285,13.0810661315918,12.2202491760254,2.87161921379365
0.85,24.8184127807617,19.0865249633789,15.1718940734863,14.3586692810059,3.78846324449331
0.9,28.4442367553711,22.1096572875977,17.5857620239258,16.7641220092773,6.61508037730753
0.95,34.1255950927734,26.151237487793,20.9695358276367,19.4432754516602,6.8542121506819
