"utilizations","stat_up","stat_mean","stat_low","snc_bound","simulated_backlog"
0.7,13.226261138916,10.9669303894043,9.37987899780273,8.70383834838867,2.48715096554175
0.75,16.7454605102539,13.4102821350098,11.1896781921387,10.3388938903809,2.75749808328879
0.8,19.8761672973633,15.9112892150879,13.1443061828613,12.2202491760254,3.84136874893693
0.85,23.7556838989258,18.9996871948242,15.3563117980957,14.3586692810059,4.20592958372239
0.9,29.0921249389648,22.267936706543,17.5446548461914,16.7641220092773,5.52683165471621
0.95,33.9944915771484,26.1145248413086,20.6904983520508,19.4432754516602,5.13798048332111
