"utilizations","stat_up","stat_mean","stat_low","snc_bound","simulated_backlog"
0.65,16.5122299194336,13.167049407959,10.961498260498,8.72711563110352,2.93120961942995
0.7,21.297477722168,16.5929946899414,13.3727149963379,10.4245948791504,6.63403199097581
0.75,27.291374206543,20.6210556030273,16.2031021118164,12.3924217224121,4.12883201807975
0.8,33.6632537841797,25.4040145874023,19.7195816040039,14.6424674987793,7.87195756422813
0.85,41.3386077880859,30.7695693969727,23.5332107543945,17.1864852905273,9.72129067696092
0.9,48.9781951904297,37.0107269287109,27.9577255249023,20.0343551635742,6.36362228690948
0.95,56.8371124267578,42.9799041748047,32.6363372802734,23.189811706543,6.76557984785101
