"utilizations","stat_up","stat_mean","stat_low","snc_bound","simulated_backlog"
0.65,10.8077812194824,9.09318161010742,7.93117332458496,7.30443000793457,3.19309757675459
0.7,13.1820030212402,11.0181922912598,9.33821487426758,8.70383834838867,2.03647250809196
0.75,17.1978530883789,13.389232635498,11.1274528503418,10.3388938903809,3.35111485048281
0.8,20.1682357788086,15.923168182373,12.913890838623,12.2202491760254,3.52983783771111
0.85,23.7018814086914,18.9389877319336,15.1537437438965,14.3586692810059,4.81128968791918
0.9,28.6945114135742,22.2868728637695,17.8932571411133,16.7641220092773,4.41365397615267
0.95,34.1917877197266,26.0537185668945,20.5934066772461,19.4432754516602,6.14808109184757
