"utilizations","stat_up","stat_mean","stat_low","snc_bound","simulated_backlog"
0.65,21.4261093139648,15.1753425598145,11.288890838623,8.42985153198242,3.72657694674223
0.7,28.0766983032227,19.479606628418,13.8748588562012,10.064998626709,3.56704695195737
0.75,34.1921844482422,24.0945510864258,17.085807800293,11.9610252380371,3.90492719629121
0.8,40.2790679931641,29.0002822875977,20.7150955200195,14.1211814880371,5.73601821917485
0.85,45.3182525634766,34.0278778076172,24.9575271606445,16.5332717895508,5.51029554026622
0.9,50.5190887451172,38.3887176513672,28.5450820922852,19.1603775024414,7.44569843092376
0.95,56.5290069580078,42.9865570068359,32.1144561767578,21.9407577514648,7.72994325537855
