"utilizations","stat_up","stat_mean","stat_low","snc_bound","simulated_backlog"
0.65,8.79459762573242,7.78163719177246,7.02264595031738,6.19822120666504,1.14118399998869
0.7,11.2661247253418,9.72102737426758,8.60161972045898,7.36320686340332,2.52606367242604
0.75,14.1218528747559,12.0228080749512,10.5990791320801,8.7361946105957,3.74836428577382
0.8,17.1718978881836,14.5115013122559,12.392879486084,10.3268241882324,3.97635435931463
0.85,21.3876113891602,17.6230850219727,15.210376739502,12.1449928283691,2.94054792437218
0.9,25.4178695678711,20.9673843383789,17.1290664672852,14.2002449035645,3.96439664484036
0.95,31.2056198120117,24.8272323608398,20.7399215698242,16.5003433227539,6.3032238643515
