"sample_sizes","h_ups"
1024,0.778761852370789
2048,0.761992959019111
4096,0.74870559203912
8192,0.730964904470196
16384,0.721699078289117
32768,0.714271105076818
65536,0.712464624054589
131072,0.708295486142593
