"h_ups","backlog_bound_stat"
0.7,172.3125
0.793643348745576,291.875
0.76000098085079,244.5625
0.741470122069063,221.8125
0.729999204342781,208.8125
0.721170406456057,199.3125
0.715916610391586,193.9375
0.711325258952554,189.3125
0.709135180523287,187.0625
