"utilizations","stat_up","stat_mean","stat_low","snc_bound","simulated_backlog"
0.7,13.3810844421387,11.0538215637207,9.35823440551758,8.70383834838867,3.21150143111624
0.75,16.6816329956055,13.2896537780762,11.0631828308105,10.3388938903809,3.23340798569327
0.8,20.1628952026367,15.9789848327637,13.003246307373,12.2202491760254,3.07457588457629
0.85,24.4099197387695,19.0043258666992,15.2911415100098,14.3586692810059,4.42119085432606
0.9,29.0523300170898,22.3823928833008,17.7661361694336,16.7641220092773,4.94342943701106
0.95,34.4097442626953,26.1008682250977,20.3510818481445,19.4432754516602,5.90223709008608
